Model,actual,predicted
Baseline_Model,40835.21,54841.21176604647
Baseline_Model,39634.63,55547.58657380585
Baseline_Model,38898.9,56253.96138156523
Baseline_Model,38557.06,56960.33618932461
Baseline_Model,38610.06,57666.71099708399
Baseline_Model,38972.17,58373.08580484337
Baseline_Model,39562.44,59079.46061260275
Baseline_Model,40982.9,59785.83542036213
Baseline_Model,43055.94,60492.210228121505
Baseline_Model,45067.13,61198.58503588088
Baseline_Model,47086.58,61904.95984364027
Baseline_Model,49159.94,62611.334651399644
Baseline_Model,51357.99,63317.70945915903
Baseline_Model,53373.37,64024.084266918406
Baseline_Model,55412.87,64730.45907467778
Baseline_Model,56816.98,65436.83388243716
Baseline_Model,56944.6,66143.20869019654
Baseline_Model,55265.57,66849.58349795593
Baseline_Model,53826.25,67555.95830571529
Baseline_Model,53063.74,68262.33311347468
Baseline_Model,50843.58,68968.70792123406
Baseline_Model,47816.36,69675.08272899344
Baseline_Model,44802.76,55795.404755278476
Baseline_Model,42339.7,56501.77956303785
Baseline_Model,40798.19,57208.15437079723
Baseline_Model,39777.08,57914.529178556615
Baseline_Model,39363.61,58620.90398631599
Baseline_Model,39705.39,59327.27879407537
Baseline_Model,41161.05,60033.65360183475
Baseline_Model,43767.51,60740.02840959413
Baseline_Model,45026.87,61446.40321735351
Baseline_Model,45485.37,62152.778025112886
Baseline_Model,46868.4,62859.15283287226
Baseline_Model,48613.55,63565.52764063165
Baseline_Model,50573.92,64271.902448391025
Baseline_Model,52650.25,64978.2772561504
Baseline_Model,55009.05,65684.65206390979
Baseline_Model,57337.2,66391.02687166916
Baseline_Model,59266.37,67097.40167942854
Baseline_Model,60761.69,67803.77648718792
Baseline_Model,60812.13,68510.15129494731
Baseline_Model,58870.88,69216.52610270667
Baseline_Model,57525.75,69922.90091046607
Baseline_Model,55624.63,70629.27571822544
Baseline_Model,53275.08,71335.65052598482
Baseline_Model,50042.15,72042.0253337442
Baseline_Model,46783.44,55516.3682900337
Baseline_Model,44177.95,56222.743097793085
Baseline_Model,42466.58,56929.11790555246
Baseline_Model,41324.45,57635.49271331185
Baseline_Model,40759.03,58341.867521071224
Baseline_Model,41010.19,59048.2423288306
Baseline_Model,42692.09,59754.61713658998
Baseline_Model,45293.05,60460.991944349356
Baseline_Model,46608.35,61167.36675210874
Baseline_Model,47013.45,61873.74155986812
Baseline_Model,48477.4,62580.116367627495
Baseline_Model,50665.61,63286.49117538688
Baseline_Model,53166.86,63992.86598314626
Baseline_Model,55745.16,64699.240790905635
Baseline_Model,58580.33,65405.61559866501
Baseline_Model,61091.43,66111.99040642439
Baseline_Model,62925.47,66818.36521418378
Baseline_Model,64065.61,67524.74002194314
Baseline_Model,63208.9,68231.11482970254
Baseline_Model,60216.32,68937.48963746191
Baseline_Model,59045.05,69643.86444522129
Baseline_Model,58080.98,70350.23925298068
Baseline_Model,55970.64,71056.61406074004
Baseline_Model,52476.94,71762.98886849944
Baseline_Model,48964.51,55237.33182478894
Baseline_Model,46144.87,55943.70663254832
Baseline_Model,44264.29,56650.081440307695
Baseline_Model,42863.78,57356.45624806707
Baseline_Model,42154.28,58062.83105582645
Baseline_Model,42205.33,58769.205863585834
Baseline_Model,43461.24,59475.58067134521
Baseline_Model,45840.86,60181.955479104596
Baseline_Model,46859.94,60888.33028686397
Baseline_Model,47349.75,61594.70509462335
Baseline_Model,49261.22,62301.07990238273
Baseline_Model,52045.25,63007.454710142105
Baseline_Model,55027.66,63713.82951790149
Baseline_Model,58379.92,64420.20432566087
Baseline_Model,61743.7,65126.57913342025
Baseline_Model,64658.48,65832.95394117963
Baseline_Model,66704.07,66539.328748939
Baseline_Model,67642.88,67245.70355669838
Baseline_Model,66427.3,67952.07836445776
Baseline_Model,63066.42,68658.45317221715
Baseline_Model,61524.25,69364.82797997652
Baseline_Model,60401.33,70071.2027877359
Baseline_Model,57524.3,70777.57759549528
Baseline_Model,54053.42,71483.95240325466
Baseline_Model,50423.36,54958.295359544165
Baseline_Model,47458.17,55664.67016730355
Baseline_Model,45430.04,56371.04497506293
Baseline_Model,43942.0,57077.41978282231
Baseline_Model,43098.09,57783.79459058169
Baseline_Model,43094.87,58490.169398341066
Baseline_Model,44420.58,59196.54420610044
Baseline_Model,46887.82,59902.91901385982
Baseline_Model,47975.37,60609.293821619205
Baseline_Model,48504.1,61315.66862937858
Baseline_Model,50428.02,62022.04343713796
Baseline_Model,52833.9,62728.418244897344
Baseline_Model,55523.69,63434.79305265672
Baseline_Model,58435.0,64141.1678604161
Baseline_Model,61604.75,64847.542668175476
Baseline_Model,64013.8,65553.91747593487
Baseline_Model,65847.98,66260.29228369423
Baseline_Model,67028.84,66966.66709145362
Baseline_Model,66197.26,67673.041899213
Baseline_Model,63312.4,68379.41670697238
Baseline_Model,61392.66,69085.79151473175
Baseline_Model,59517.96,69792.16632249113
Baseline_Model,57086.82,70498.54113025052
Baseline_Model,53775.62,71204.91593800989
Baseline_Model,50334.01,54679.258894299404
Baseline_Model,47560.08,55385.63370205878
Baseline_Model,45564.35,56092.00850981816
Baseline_Model,44155.64,56798.383317577536
Baseline_Model,43358.08,57504.75812533691
Baseline_Model,43391.87,58211.1329330963
Baseline_Model,44596.02,58917.507740855675
Baseline_Model,46903.37,59623.88254861506
Baseline_Model,47951.42,60330.25735637444
Baseline_Model,48561.1,61036.632164133815
Baseline_Model,50941.32,61743.00697189319
Baseline_Model,53746.12,62449.38177965257
Baseline_Model,56494.9,63155.756587411954
Baseline_Model,59136.82,63862.13139517133
Baseline_Model,61988.22,64568.506202930716
Baseline_Model,64455.41,65274.88101069009
Baseline_Model,66440.61,65981.25581844947
Baseline_Model,67265.41,66687.63062620885
Baseline_Model,66013.79,67394.00543396822
Baseline_Model,61869.66,68100.3802417276
Baseline_Model,59415.31,68806.755049487
Baseline_Model,58025.11,69513.12985724637
Baseline_Model,56022.72,70219.50466500575
Baseline_Model,53608.23,70925.87947276513
Baseline_Model,50930.05,54400.22242905463
Baseline_Model,48290.49,55106.597236814014
Baseline_Model,46082.42,55812.97204457339
Baseline_Model,44422.57,56519.34685233277
Baseline_Model,43284.05,57225.721660092146
Baseline_Model,42621.69,57932.09646785153
Baseline_Model,42697.42,58638.47127561091
Baseline_Model,43323.05,59344.846083370285
Baseline_Model,44167.18,60051.22089112967
Baseline_Model,45314.4,60757.59569888905
Baseline_Model,47710.2,61463.970506648424
Baseline_Model,50631.46,62170.3453144078
Baseline_Model,53384.42,62876.720122167186
Baseline_Model,56273.08,63583.09492992656
Baseline_Model,59126.44,64289.46973768594
Baseline_Model,61509.9,64995.844545445325
Baseline_Model,63176.48,65702.21935320471
Baseline_Model,63669.02,66408.59416096407
Baseline_Model,62261.11,67114.96896872346
Baseline_Model,58588.52,67821.34377648284
Baseline_Model,56620.03,68527.71858424222
Baseline_Model,54609.74,69234.09339200161
Baseline_Model,53380.5,69940.46819976097
Baseline_Model,51138.91,70646.84300752037
Baseline_Model,48496.43,54121.18596380986
Baseline_Model,46085.73,54827.560771569246
Baseline_Model,44069.89,55533.93557932862
Baseline_Model,42601.65,56240.310387088
Baseline_Model,41567.31,56946.68519484738
Baseline_Model,40886.69,57653.060002606755
Baseline_Model,40595.12,58359.43481036613
Baseline_Model,40864.41,59065.80961812552
Baseline_Model,41534.93,59772.1844258849
Baseline_Model,42727.28,60478.55923364428
Baseline_Model,45444.01,61184.934041403656
Baseline_Model,48418.92,61891.30884916303
Baseline_Model,51818.22,62597.68365692241
Baseline_Model,55200.07,63304.05846468179
Baseline_Model,58463.71,64010.43327244117
Baseline_Model,61266.31,64716.80808020056
Baseline_Model,63315.32,65423.182887959934
Baseline_Model,64348.17,66129.55769571931
Baseline_Model,63750.23,66835.93250347869
Baseline_Model,61068.82,67542.30731123807
Baseline_Model,59843.51,68248.68211899744
Baseline_Model,58286.51,68955.05692675684
Baseline_Model,55976.1,69661.43173451621
Baseline_Model,52835.15,70367.80654227559
Baseline_Model,49701.46,56488.12856856063
Baseline_Model,46872.68,57194.503376320004
Baseline_Model,44873.63,57900.87818407938
Baseline_Model,43563.27,58607.25299183876
Baseline_Model,43027.74,59313.627799598136
Baseline_Model,43280.52,60020.00260735752
Baseline_Model,44766.01,60726.3774151169
Baseline_Model,47311.32,61432.75222287628
Baseline_Model,48413.92,62139.12703063566
Baseline_Model,49019.68,62845.50183839504
Baseline_Model,50732.11,63551.876646154415
Baseline_Model,53277.68,64258.25145391379
Baseline_Model,55879.48,64964.62626167318
Baseline_Model,58543.08,65671.00106943256
Baseline_Model,61217.16,66377.37587719194
Baseline_Model,63444.21,67083.75068495132
Baseline_Model,65029.83,67790.1254927107
Baseline_Model,65872.15,68496.50030047007
Baseline_Model,65197.43,69202.87510822946
Baseline_Model,63430.8,69909.24991598882
Baseline_Model,62622.61,70615.62472374822
Baseline_Model,60799.23,71321.9995315076
Baseline_Model,58495.91,72028.37433926697
Baseline_Model,55445.2,72734.74914702635
Baseline_Model,52361.25,56209.09210331585
Baseline_Model,49680.32,56915.46691107524
Baseline_Model,47868.56,57621.841718834614
Baseline_Model,46811.59,58328.216526594
Baseline_Model,46259.43,59034.591334353376
Baseline_Model,46593.95,59740.96614211275
Baseline_Model,48117.7,60447.34094987213
Baseline_Model,50646.4,61153.71575763151
Baseline_Model,51619.5,61860.09056539089
Baseline_Model,52066.94,62566.46537315027
Baseline_Model,53860.84,63272.84018090965
Baseline_Model,55869.46,63979.21498866903
Baseline_Model,57960.1,64685.58979642841
Baseline_Model,59923.16,65391.964604187786
Baseline_Model,61572.79,66098.33941194716
Baseline_Model,63004.95,66804.71421970654
Baseline_Model,64123.68,67511.08902746593
Baseline_Model,64854.35,68217.4638352253
Baseline_Model,64434.68,68923.83864298469
Baseline_Model,62707.79,69630.21345074406
Baseline_Model,62489.56,70336.58825850344
Baseline_Model,61042.62,71042.96306626283
Baseline_Model,58853.68,71749.3378740222
Baseline_Model,55856.55,72455.71268178159
Baseline_Model,52538.38,55930.05563807109
Baseline_Model,49848.27,56636.43044583047
Baseline_Model,47840.86,57342.805253589846
Baseline_Model,46765.42,58049.18006134922
Baseline_Model,46268.66,58755.5548691086
Baseline_Model,46681.99,59461.929676867985
Baseline_Model,48385.65,60168.30448462736
Baseline_Model,50979.22,60874.67929238675
Baseline_Model,52188.93,61581.054100146124
Baseline_Model,52759.41,62287.4289079055
Baseline_Model,54428.66,62993.80371566488
Baseline_Model,56486.83,63700.178523424256
Baseline_Model,58719.64,64406.55333118364
Baseline_Model,60911.12,65112.92813894302
Baseline_Model,62753.27,65819.3029467024
Baseline_Model,64189.51,66525.67775446178
Baseline_Model,65518.35,67232.05256222116
Baseline_Model,66059.41,67938.42736998053
Baseline_Model,65339.87,68644.80217773991
Baseline_Model,63132.6,69351.1769854993
Baseline_Model,62232.29,70057.55179325867
Baseline_Model,61314.4,70763.92660101806
Baseline_Model,59488.43,71470.30140877744
Baseline_Model,56554.7,72176.67621653681
Baseline_Model,53735.25,55651.019172826316
Baseline_Model,51025.13,56357.39398058569
Baseline_Model,49188.39,57063.76878834507
Baseline_Model,48055.07,57770.143596104455
Baseline_Model,47118.93,58476.51840386383
Baseline_Model,46858.84,59182.89321162322
Baseline_Model,47988.28,59889.268019382595
Baseline_Model,49808.79,60595.64282714197
Baseline_Model,50669.64,61302.01763490135
Baseline_Model,50803.87,62008.39244266073
Baseline_Model,51538.14,62714.767250420104
Baseline_Model,52478.53,63421.14205817949
Baseline_Model,53316.44,64127.51686593887
Baseline_Model,54504.2,64833.89167369825
Baseline_Model,56159.46,65540.26648145763
Baseline_Model,57469.3,66246.641289217
Baseline_Model,58559.18,66953.01609697638
Baseline_Model,59252.51,67659.39090473576
Baseline_Model,58414.25,68365.76571249514
Baseline_Model,55711.07,69072.14052025453
Baseline_Model,53997.66,69778.5153280139
Baseline_Model,52709.32,70484.89013577328
Baseline_Model,51797.93,71191.26494353267
Baseline_Model,49551.1,71897.63975129204
Baseline_Model,46961.92,54128.747000688396
Baseline_Model,44773.66,54835.12180844777
Baseline_Model,42963.15,55541.49661620715
Baseline_Model,41859.04,56247.87142396653
Baseline_Model,41323.12,56954.246231725905
Baseline_Model,41461.54,57660.62103948529
Baseline_Model,42623.5,58366.99584724467
Baseline_Model,44810.38,59073.37065500405
Baseline_Model,46324.44,59779.74546276343
Baseline_Model,46977.98,60486.120270522806
Baseline_Model,48610.65,61192.49507828218
Baseline_Model,49771.09,61898.86988604156
Baseline_Model,50734.3,62605.244693800945
Baseline_Model,51704.54,63311.61950156032
Baseline_Model,52717.3,64017.99430931971
Baseline_Model,53576.2,64724.369117079084
Baseline_Model,54015.62,65430.74392483846
Baseline_Model,54193.5,66137.11873259784
Baseline_Model,54056.46,66843.49354035722
Baseline_Model,53616.97,67549.86834811661
Baseline_Model,53535.39,68256.24315587597
Baseline_Model,52891.55,68962.61796363536
Baseline_Model,51696.61,69668.99277139474
Baseline_Model,49917.28,70375.36757915412
Baseline_Model,48043.05,53849.71053544362
Baseline_Model,45846.58,54556.085343203005
Baseline_Model,44351.39,55262.46015096238
Baseline_Model,43406.44,55968.83495872176
Baseline_Model,42703.97,56675.20976648114
Baseline_Model,42473.57,57381.58457424052
Baseline_Model,42889.45,58087.9593819999
Baseline_Model,43781.8,58794.334189759276
Baseline_Model,44790.48,59500.70899751866
Baseline_Model,46007.65,60207.08380527804
Baseline_Model,47843.98,60913.458613037415
Baseline_Model,49794.86,61619.83342079679
Baseline_Model,51582.93,62326.20822855618
Baseline_Model,52638.81,63032.583036315555
Baseline_Model,53409.63,63738.95784407493
Baseline_Model,53554.83,64445.33265183432
Baseline_Model,53719.36,65151.707459593694
Baseline_Model,54054.58,65858.08226735308
Baseline_Model,53900.18,66564.45707511244
Baseline_Model,53616.69,67270.83188287183
Baseline_Model,53782.81,67977.20669063121
Baseline_Model,53113.29,68683.58149839059
Baseline_Model,52255.25,69389.95630614998
Baseline_Model,50737.83,70096.33111390934
Baseline_Model,49195.49,53570.67407019885
Baseline_Model,47492.45,54277.04887795824
Baseline_Model,45977.77,54983.423685717615
Baseline_Model,44626.24,54983.423685717615
Baseline_Model,43992.27,55689.79849347699
Baseline_Model,43613.89,56396.17330123637
Baseline_Model,43464.7,57102.54810899575
Baseline_Model,43699.12,57808.922916755124
Baseline_Model,44407.78,58515.29772451451
Baseline_Model,45580.92,59221.67253227389
Baseline_Model,47973.03,59928.04734003327
Baseline_Model,50834.04,60634.42214779265
Baseline_Model,52955.88,61340.796955552025
Baseline_Model,54629.71,62047.1717633114
Baseline_Model,55480.11,62753.54657107078
Baseline_Model,56319.42,63459.921378830164
Baseline_Model,57256.86,64166.29618658955
Baseline_Model,57656.62,64872.670994348926
Baseline_Model,57539.28,65579.0458021083
Baseline_Model,57057.28,66285.42060986768
Baseline_Model,56918.14,66991.79541762706
Baseline_Model,55865.92,67698.17022538644
Baseline_Model,55655.11,68404.54503314583
Baseline_Model,54118.66,69110.9198409052
Baseline_Model,51915.1,69817.29464866458
Baseline_Model,49606.9,55937.61667494962
Baseline_Model,47721.8,56643.991482708996
Baseline_Model,46712.52,57350.36629046837
Baseline_Model,46160.21,58056.74109822775
Baseline_Model,46028.72,58763.11590598713
Baseline_Model,46627.02,59469.49071374651
Baseline_Model,48149.47,60175.86552150589
Baseline_Model,50534.87,60882.240329265274
Baseline_Model,51694.49,61588.61513702465
Baseline_Model,53198.43,62294.98994478403
Baseline_Model,55274.12,63001.364752543406
Baseline_Model,57284.4,63707.73956030278
Baseline_Model,58443.16,64414.11436806217
Baseline_Model,59500.05,65120.489175821545
Baseline_Model,60169.92,65826.86398358093
Baseline_Model,60099.16,66533.2387913403
Baseline_Model,59533.21,67239.61359909968
Baseline_Model,58897.19,67945.98840685906
Baseline_Model,58395.7,68652.36321461844
Baseline_Model,57562.65,69358.73802237783
Baseline_Model,56183.42,70065.1128301372
Baseline_Model,55354.6,70771.48763789659
Baseline_Model,53186.35,71477.86244565596
Baseline_Model,50308.95,72184.23725341534
Baseline_Model,47573.85,55658.58020970484
Baseline_Model,45526.09,56364.95501746423
Baseline_Model,44017.67,57071.329825223605
Baseline_Model,43130.55,57777.70463298299
Baseline_Model,42465.68,58484.07944074237
Baseline_Model,42730.15,59190.454248501745
Baseline_Model,43889.87,59896.82905626112
Baseline_Model,45884.13,60603.2038640205
Baseline_Model,46492.44,61309.578671779884
Baseline_Model,46704.97,62015.95347953926
Baseline_Model,47023.67,62722.32828729864
Baseline_Model,47266.42,63428.70309505802
Baseline_Model,47645.17,64135.0779028174
Baseline_Model,48277.17,64841.45271057678
Baseline_Model,49411.94,65547.82751833615
Baseline_Model,50501.65,66254.20232609555
Baseline_Model,51013.34,66960.57713385491
Baseline_Model,50754.22,67666.9519416143
Baseline_Model,49728.18,68373.32674937366
Baseline_Model,49944.84,69079.70155713306
Baseline_Model,49471.51,69786.07636489243
Baseline_Model,48261.98,70492.45117265181
Baseline_Model,46597.51,71198.8259804112
Baseline_Model,44393.92,71905.20078817056
Baseline_Model,42179.29,55379.54374446008
Baseline_Model,40646.05,56085.91855221946
Baseline_Model,39461.98,56792.29335997884
Baseline_Model,38693.39,57498.668167738215
Baseline_Model,38400.9,58205.04297549759
Baseline_Model,38912.93,58911.41778325698
Baseline_Model,40559.54,59617.792591016354
Baseline_Model,43416.57,60324.16739877574
Baseline_Model,44475.08,61030.542206535116
Baseline_Model,44985.82,61736.91701429449
Baseline_Model,45577.21,62443.29182205387
Baseline_Model,46799.05,63149.66662981325
Baseline_Model,48054.38,63856.04143757263
Baseline_Model,49370.12,64562.41624533201
Baseline_Model,51026.76,65268.791053091394
Baseline_Model,52432.16,65975.16586085077
Baseline_Model,53231.44,66681.54066861015
Baseline_Model,53385.52,67387.91547636953
Baseline_Model,53062.04,68094.2902841289
Baseline_Model,53161.09,68800.66509188828
Baseline_Model,52425.92,69507.03989964767
Baseline_Model,51412.53,70213.41470740705
Baseline_Model,49808.42,70919.78951516643
Baseline_Model,47323.48,71626.1643229258
Baseline_Model,44822.63,55100.50727921531
Baseline_Model,42987.89,55806.882086974685
Baseline_Model,41924.66,56513.25689473406
Baseline_Model,41225.19,57219.63170249345
Baseline_Model,41147.78,57926.006510252824
Baseline_Model,41938.47,58632.38131801221
Baseline_Model,43746.96,59338.756125771586
Baseline_Model,46327.34,60045.13093353096
Baseline_Model,47143.09,60751.50574129034
Baseline_Model,48544.94,61457.88054904972
Baseline_Model,50016.24,62164.255356809095
Baseline_Model,51666.97,62870.63016456848
Baseline_Model,53339.55,63577.004972327864
Baseline_Model,54989.29,64283.37978008724
Baseline_Model,56401.67,64989.75458784662
Baseline_Model,57265.15,65696.129395606
Baseline_Model,57425.44,66402.50420336537
Baseline_Model,56386.5,67108.87901112475
Baseline_Model,55265.36,67815.25381888413
Baseline_Model,55122.39,68521.62862664352
Baseline_Model,54525.99,69228.0034344029
Baseline_Model,53999.22,69934.37824216229
Baseline_Model,52702.36,70640.75304992165
Baseline_Model,50117.61,71347.12785768104
Baseline_Model,47709.08,54821.47081397054
Baseline_Model,45636.42,55527.845621729924
Baseline_Model,44170.33,56234.2204294893
Baseline_Model,43612.43,56940.59523724868
Baseline_Model,43107.69,57646.970045008056
Baseline_Model,43398.52,58353.34485276743
Baseline_Model,44716.92,59059.71966052681
Baseline_Model,47351.03,59766.094468286195
Baseline_Model,48713.54,60472.46927604558
Baseline_Model,50274.52,61178.84408380496
Baseline_Model,52020.19,61885.218891564335
Baseline_Model,53557.35,62591.59369932371
Baseline_Model,54819.06,63297.96850708309
Baseline_Model,55943.88,64004.34331484247
Baseline_Model,56940.34,64710.71812260185
Baseline_Model,57435.59,65417.092930361236
Baseline_Model,56873.58,66123.46773812061
Baseline_Model,55914.0,66829.84254587999
Baseline_Model,54718.25,67536.21735363937
Baseline_Model,53799.77,68242.59216139876
Baseline_Model,52438.88,68948.96696915812
Baseline_Model,51140.27,69655.34177691751
Baseline_Model,49618.83,70361.71658467689
Baseline_Model,47762.23,71068.09139243627
Baseline_Model,45682.82,54542.43434872577
Baseline_Model,43966.62,55248.80915648515
Baseline_Model,42162.91,55955.18396424453
Baseline_Model,40664.72,56661.55877200391
Baseline_Model,39959.07,57367.93357976329
Baseline_Model,39626.89,58074.30838752267
Baseline_Model,40034.72,58780.68319528205
Baseline_Model,40826.58,59487.05800304143
Baseline_Model,41612.94,60193.432810800805
Baseline_Model,43077.12,60899.80761856018
Baseline_Model,44233.43,61606.18242631956
Baseline_Model,45207.66,62312.557234078944
Baseline_Model,46392.41,63018.93204183833
Baseline_Model,47867.75,63725.306849597706
Baseline_Model,49422.99,64431.68165735708
Baseline_Model,50950.9,65138.05646511646
Baseline_Model,51864.79,65844.43127287584
Baseline_Model,51700.15,66550.80608063522
Baseline_Model,50308.83,67257.18088839459
Baseline_Model,50223.57,67963.55569615398
Baseline_Model,49178.37,68669.93050391335
Baseline_Model,47988.96,69376.30531167274
Baseline_Model,46684.33,70082.68011943213
Baseline_Model,45130.33,70789.0549271915
Baseline_Model,43357.1,54263.397883481004
Baseline_Model,41805.39,54969.77269124039
Baseline_Model,40567.78,55676.147498999766
Baseline_Model,39699.64,56382.52230675914
Baseline_Model,39260.62,57088.89711451852
Baseline_Model,39172.23,57795.2719222779
Baseline_Model,39469.04,58501.646730037275
Baseline_Model,40195.54,59208.02153779666
Baseline_Model,40986.53,59914.396345556044
Baseline_Model,42588.16,60620.77115331542
Baseline_Model,44308.33,61327.1459610748
Baseline_Model,45865.0,62033.520768834176
Baseline_Model,47660.23,62739.89557659355
Baseline_Model,49728.31,63446.27038435293
Baseline_Model,51795.33,64152.645192112315
Baseline_Model,53386.96,64859.0199998717
Baseline_Model,54650.62,65565.39480763108
Baseline_Model,54712.59,66271.76961539045
Baseline_Model,52212.57,66978.14442314983
Baseline_Model,51443.58,67684.51923090921
Baseline_Model,49632.38,68390.89403866859
Baseline_Model,48366.5,69097.26884642796
Baseline_Model,47076.88,69803.64365418736
Baseline_Model,45700.49,70510.01846194672
Baseline_Model,43655.85,56630.34048823176
Baseline_Model,41699.48,57336.71529599115
Baseline_Model,40354.45,58043.090103750525
Baseline_Model,39519.35,58749.4649115099
Baseline_Model,39178.31,59455.83971926928
Baseline_Model,39629.83,60162.214527028664
Baseline_Model,40988.69,60868.58933478804
Baseline_Model,43058.63,61574.96414254742
Baseline_Model,44644.24,62281.3389503068
Baseline_Model,46546.32,62987.71375806618
Baseline_Model,47849.57,63694.08856582556
Baseline_Model,49515.57,64400.463373584935
Baseline_Model,51308.28,65106.83818134432
Baseline_Model,53074.85,65813.21298910369
Baseline_Model,55011.02,66519.58779686308
Baseline_Model,56439.24,67225.96260462246
Baseline_Model,56909.2,67932.33741238184
Baseline_Model,56197.07,68638.71222014121
Baseline_Model,53574.6,69345.08702790059
Baseline_Model,53602.22,70051.46183565998
Baseline_Model,52827.87,70757.83664341934
Baseline_Model,51074.28,71464.21145117874
Baseline_Model,48940.26,72170.58625893811
Baseline_Model,46140.28,72876.96106669749
Baseline_Model,43387.33,56351.304022986995
Baseline_Model,41381.26,57057.67883074637
Baseline_Model,40147.96,57764.05363850575
Baseline_Model,39331.7,58470.428446265134
Baseline_Model,38974.1,59176.80325402451
Baseline_Model,39399.37,59883.178061783896
Baseline_Model,41085.99,60589.55286954327
Baseline_Model,43880.6,61295.92767730265
Baseline_Model,44747.65,62002.30248506203
Baseline_Model,45397.12,62708.677292821405
Baseline_Model,46421.76,63415.05210058078
Baseline_Model,47803.58,64121.42690834017
Baseline_Model,49374.3,64827.80171609955
Baseline_Model,50921.89,65534.17652385893
Baseline_Model,52653.17,66240.5513316183
Baseline_Model,53857.92,66946.92613937768
Baseline_Model,54583.42,67653.30094713706
Baseline_Model,54543.21,68359.67575489645
Baseline_Model,53436.85,69066.05056265582
Baseline_Model,53414.78,69772.4253704152
Baseline_Model,52354.83,70478.80017817458
Baseline_Model,50913.62,71185.17498593396
Baseline_Model,49076.82,71891.54979369335
Baseline_Model,46267.36,72597.92460145272
Baseline_Model,43481.94,56072.26755774223
Baseline_Model,41687.62,56778.64236550161
Baseline_Model,40338.37,57485.01717326099
Baseline_Model,39239.58,58191.391981020366
Baseline_Model,39075.97,58897.76678877974
Baseline_Model,39415.14,59604.14159653912
Baseline_Model,41117.66,60310.5164042985
Baseline_Model,43881.35,61016.89121205788
Baseline_Model,44889.52,61723.26601981727
Baseline_Model,45845.48,62429.640827576644
Baseline_Model,47192.45,63136.01563533602
Baseline_Model,48865.3,63842.3904430954
Baseline_Model,50561.7,64548.765250854776
Baseline_Model,52128.53,65255.14005861415
Baseline_Model,53771.62,65961.51486637353
Baseline_Model,54848.19,66667.88967413292
Baseline_Model,55213.48,67374.2644818923
Baseline_Model,54957.2,68080.63928965168
Baseline_Model,53741.35,68787.01409741105
Baseline_Model,53305.02,69493.38890517043
Baseline_Model,51966.72,70199.76371292982
Baseline_Model,50591.73,70906.1385206892
Baseline_Model,48669.73,71612.51332844858
Baseline_Model,45949.84,72318.88813620796
Baseline_Model,43267.25,55793.23109249746
Baseline_Model,41243.34,56499.605900256836
Baseline_Model,39883.38,57205.98070801621
Baseline_Model,39150.66,57912.3555157756
Baseline_Model,38852.86,58618.730323534975
Baseline_Model,39284.65,59325.10513129436
Baseline_Model,40881.0,60031.47993905374
Baseline_Model,43774.2,60737.854746813115
Baseline_Model,44628.55,61444.22955457249
Baseline_Model,44671.16,62150.60436233187
Baseline_Model,45097.65,62856.97917009125
Baseline_Model,45429.57,63563.35397785063
Baseline_Model,45793.82,64269.728785610016
Baseline_Model,46612.2,64976.10359336939
Baseline_Model,47754.57,65682.47840112877
Baseline_Model,48710.31,66388.85320888815
Baseline_Model,49481.44,67095.22801664752
Baseline_Model,49541.92,67801.6028244069
Baseline_Model,49144.66,68507.97763216628
Baseline_Model,49000.79,69214.35243992566
Baseline_Model,47901.22,69920.72724768505
Baseline_Model,46893.57,70627.10205544443
Baseline_Model,45590.36,71333.4768632038
Baseline_Model,43568.23,72039.85167096318
Baseline_Model,41475.36,55514.19462725269
Baseline_Model,39985.36,56220.569435012076
Baseline_Model,39032.86,56926.94424277145
Baseline_Model,38464.74,57633.31905053083
Baseline_Model,38490.46,58339.69385829021
Baseline_Model,39253.96,59046.068666049585
Baseline_Model,41160.59,59752.44347380896
Baseline_Model,44115.44,60458.81828156835
Baseline_Model,45153.65,61165.19308932773
Baseline_Model,45286.48,61871.56789708711
Baseline_Model,45468.26,62577.942704846486
Baseline_Model,45576.68,63284.31751260586
Baseline_Model,45886.48,63990.69232036524
Baseline_Model,46317.5,64697.06712812462
Baseline_Model,47161.19,65403.441935884
Baseline_Model,47956.4,66109.81674364339
Baseline_Model,48551.58,66816.19155140276
Baseline_Model,48861.85,67522.56635916214
Baseline_Model,48765.22,68228.94116692152
Baseline_Model,48615.93,68935.3159746809
Baseline_Model,47418.89,69641.69078244027
Baseline_Model,46406.69,70348.06559019967
Baseline_Model,45198.16,71054.44039795903
Baseline_Model,43533.33,71760.81520571842
Baseline_Model,41862.54,55235.15816200792
Baseline_Model,40738.19,55941.5329697673
Baseline_Model,39449.41,56647.90777752668
Baseline_Model,38813.99,57354.28258528606
Baseline_Model,38555.78,58060.65739304544
Baseline_Model,38761.97,58767.03220080482
Baseline_Model,39264.72,59473.407008564194
Baseline_Model,40360.68,60179.78181632358
Baseline_Model,41443.41,60886.156624082956
Baseline_Model,42858.02,61592.53143184233
Baseline_Model,44100.77,62298.90623960171
Baseline_Model,45164.4,63005.281047361095
Baseline_Model,46094.2,63711.65585512047
Baseline_Model,46935.84,64418.03066287985
Baseline_Model,47735.56,65124.405470639234
Baseline_Model,48594.55,65830.78027839861
Baseline_Model,49229.58,66537.15508615799
Baseline_Model,49380.67,67243.52989391737
Baseline_Model,49478.23,67949.90470167674
Baseline_Model,49649.43,68656.27950943614
Baseline_Model,48683.41,69362.6543171955
Baseline_Model,47765.53,70069.02912495489
Baseline_Model,46694.78,70775.40393271427
Baseline_Model,45314.03,71481.77874047364
Baseline_Model,43391.02,54956.12169676315
Baseline_Model,41915.57,55662.49650452253
Baseline_Model,40831.94,56368.87131228191
Baseline_Model,40000.17,57075.246120041294
Baseline_Model,39670.18,57781.62092780067
Baseline_Model,39899.19,58487.99573556005
Baseline_Model,40185.51,59194.370543319426
Baseline_Model,40772.85,59900.745351078804
Baseline_Model,41421.0,60607.12015883819
Baseline_Model,43485.73,61313.494966597566
Baseline_Model,45720.81,62019.86977435694
Baseline_Model,47728.57,62726.24458211633
Baseline_Model,49315.96,63432.619389875705
Baseline_Model,50823.82,64138.99419763508
Baseline_Model,51752.42,64845.36900539446
Baseline_Model,52059.44,65551.74381315385
Baseline_Model,51053.88,66258.11862091321
Baseline_Model,50697.15,66964.4934286726
Baseline_Model,51960.8,67670.86823643197
Baseline_Model,53213.06,68377.24304419136
Baseline_Model,53600.52,69083.61785195074
Baseline_Model,53289.97,69789.99265971011
Baseline_Model,52180.47,70496.3674674695
Baseline_Model,50128.15,71202.74227522887
Baseline_Model,47954.98,57323.064301513914
Baseline_Model,45552.47,58029.4391092733
Baseline_Model,44284.9,58735.813917032676
Baseline_Model,43243.27,59442.18872479205
Baseline_Model,42815.96,60148.56353255143
Baseline_Model,43451.04,60854.93834031081
Baseline_Model,45423.67,61561.313148070185
Baseline_Model,48276.93,62267.68795582957
Baseline_Model,49776.1,62974.062763588954
Baseline_Model,50615.35,63680.43757134833
Baseline_Model,51362.02,64386.81237910771
Baseline_Model,51689.31,65093.187186867086
Baseline_Model,52111.99,65799.56199462646
Baseline_Model,52473.45,66505.93680238584
Baseline_Model,52940.25,67212.31161014523
Baseline_Model,53167.93,67918.68641790461
Baseline_Model,52881.92,68625.06122566399
Baseline_Model,52261.96,69331.43603342335
Baseline_Model,51663.03,70037.81084118274
Baseline_Model,51339.53,70744.18564894213
Baseline_Model,50251.01,71450.5604567015
Baseline_Model,48838.58,72156.93526446089
Baseline_Model,47266.66,72863.31007222025
Baseline_Model,44796.3,73569.68487997964
Baseline_Model,42471.41,57044.027836269146
Baseline_Model,40552.52,57750.40264402852
Baseline_Model,39390.21,58456.7774517879
Baseline_Model,38669.52,59163.152259547285
Baseline_Model,38330.53,59869.52706730666
Baseline_Model,38841.83,60575.90187506605
Baseline_Model,40396.48,61282.276682825424
Baseline_Model,43249.01,61988.6514905848
Baseline_Model,44271.87,62695.02629834418
Baseline_Model,44645.28,63401.401106103556
Baseline_Model,45276.32,64107.77591386293
Baseline_Model,45825.87,64814.15072162232
Baseline_Model,46705.48,65520.5255293817
Baseline_Model,47746.37,66226.90033714108
Baseline_Model,49089.91,66933.27514490046
Baseline_Model,50301.74,67639.64995265983
Baseline_Model,51353.94,68346.02476041921
Baseline_Model,51518.53,69052.39956817859
Baseline_Model,50604.39,69758.77437593797
Baseline_Model,50328.84,70465.14918369736
Baseline_Model,48714.08,71171.52399145672
Baseline_Model,47076.52,71877.89879921611
Baseline_Model,45533.62,72584.27360697549
Baseline_Model,43349.69,73290.64841473487
Baseline_Model,41479.2,56764.99137102438
Baseline_Model,39613.65,57471.36617878376
Baseline_Model,38680.07,58177.74098654314
Baseline_Model,38150.83,58884.11579430252
Baseline_Model,38052.39,59590.490602061895
Baseline_Model,38807.27,60296.86540982127
Baseline_Model,40776.13,61003.24021758065
Baseline_Model,43439.19,61709.615025340034
Baseline_Model,44425.09,62415.98983309942
Baseline_Model,45243.22,63122.364640858796
Baseline_Model,45348.75,63828.73944861817
Baseline_Model,45405.13,64535.11425637755
Baseline_Model,45262.07,65241.48906413693
Baseline_Model,45265.08,65947.8638718963
Baseline_Model,45707.64,66654.23867965568
Baseline_Model,46025.76,67360.61348741507
Baseline_Model,46363.07,68066.98829517445
Baseline_Model,46618.99,68773.36310293383
Baseline_Model,46549.05,69479.73791069319
Baseline_Model,47084.71,70186.11271845258
Baseline_Model,46802.31,70892.48752621196
Baseline_Model,46807.27,71598.86233397134
Baseline_Model,45860.09,72305.23714173073
Baseline_Model,43807.12,73011.61194949009
Baseline_Model,42168.32,56485.95490577961
Baseline_Model,40882.95,57192.32971353899
Baseline_Model,40420.59,57898.704521298365
Baseline_Model,40193.88,58605.07932905774
Baseline_Model,40402.06,59311.45413681712
Baseline_Model,41451.01,60017.828944576504
Baseline_Model,43786.8,60724.20375233588
Baseline_Model,47501.85,61430.578560095266
Baseline_Model,48390.24,62136.95336785464
Baseline_Model,48302.6,62843.32817561402
Baseline_Model,47271.66,63549.7029833734
Baseline_Model,46422.68,64256.077791132775
Baseline_Model,45663.55,64962.45259889216
Baseline_Model,45317.41,65668.82740665154
Baseline_Model,45669.73,66375.20221441092
Baseline_Model,46016.86,67081.5770221703
Baseline_Model,46253.45,67787.95182992968
Baseline_Model,46667.87,68494.32663768905
Baseline_Model,46992.97,69200.70144544843
Baseline_Model,47734.2,69907.07625320781
Baseline_Model,47308.92,70613.4510609672
Baseline_Model,46969.39,71319.82586872658
Baseline_Model,46219.5,72026.20067648595
Baseline_Model,44616.82,72732.57548424533
Baseline_Model,42845.61,56206.918440534835
Baseline_Model,41474.35,56913.29324829422
Baseline_Model,40702.65,57619.6680560536
Baseline_Model,40443.4,58326.04286381298
Baseline_Model,40709.36,59032.41767157236
Baseline_Model,41627.06,59738.792479331736
Baseline_Model,43846.79,60445.16728709111
Baseline_Model,47143.96,61151.54209485049
Baseline_Model,48203.89,61857.916902609875
Baseline_Model,47573.53,62564.29171036925
Baseline_Model,46904.1,63270.66651812863
Baseline_Model,46360.4,63977.041325888014
Baseline_Model,45928.02,64683.41613364739
Baseline_Model,45579.91,65389.79094140677
Baseline_Model,46049.14,66096.16574916615
Baseline_Model,46477.36,66802.54055692552
Baseline_Model,46926.04,67508.91536468492
Baseline_Model,47151.01,68215.29017244428
Baseline_Model,47671.82,68921.66498020367
Baseline_Model,47658.15,69628.03978796305
Baseline_Model,46821.32,70334.41459572242
Baseline_Model,46144.41,71040.78940348182
Baseline_Model,45480.77,71747.16421124118
Baseline_Model,44352.81,72453.53901900057
Baseline_Model,43040.62,55927.881975290074
Baseline_Model,41817.19,56634.25678304945
Baseline_Model,41093.01,57340.63159080883
Baseline_Model,40675.35,58047.006398568206
Baseline_Model,40558.32,58753.381206327584
Baseline_Model,40581.7,59459.75601408697
Baseline_Model,41693.32,60166.130821846345
Baseline_Model,43055.59,60872.50562960573
Baseline_Model,44458.37,61578.88043736511
Baseline_Model,45257.26,62285.255245124485
Baseline_Model,45493.95,62991.63005288386
Baseline_Model,45430.39,63698.00486064324
Baseline_Model,45540.34,64404.379668402624
Baseline_Model,45561.07,65110.754476162
Baseline_Model,46027.61,65817.12928392139
Baseline_Model,46769.95,66523.50409168076
Baseline_Model,47204.54,67229.87889944014
Baseline_Model,47334.42,67936.25370719952
Baseline_Model,47527.04,68642.6285149589
Baseline_Model,47875.1,69349.00332271829
Baseline_Model,46987.7,70055.37813047765
Baseline_Model,46021.69,70761.75293823704
Baseline_Model,45217.85,71468.12774599642
Baseline_Model,43916.15,72174.5025537558
Baseline_Model,42513.8,55648.8455100453
Baseline_Model,41105.13,56355.220317804684
Baseline_Model,40094.21,57061.59512556406
Baseline_Model,39497.71,57767.969933323446
Baseline_Model,39116.04,58474.34474108282
Baseline_Model,38996.61,59180.7195488422
Baseline_Model,39354.24,59887.09435660158
Baseline_Model,40110.86,60593.469164360955
Baseline_Model,41010.35,61299.84397212034
Baseline_Model,42441.32,62006.21877987972
Baseline_Model,43999.0,62712.593587639094
Baseline_Model,45226.56,63418.96839539848
Baseline_Model,46380.27,64125.343203157856
Baseline_Model,47544.91,64831.71801091723
Baseline_Model,48548.85,65538.09281867661
Baseline_Model,49678.74,66244.467626436
Baseline_Model,50392.88,66950.84243419537
Baseline_Model,50600.88,67657.21724195476
Baseline_Model,50835.87,68363.59204971412
Baseline_Model,51086.68,69069.96685747351
Baseline_Model,50051.65,69776.34166523289
Baseline_Model,48732.05,70482.71647299227
Baseline_Model,47377.89,71189.09128075166
Baseline_Model,45356.29,71895.46608851102
Baseline_Model,43329.08,58015.788114796065
Baseline_Model,41546.19,58722.16292255544
Baseline_Model,40110.88,59428.53773031482
Baseline_Model,39467.57,60134.912538074204
Baseline_Model,39073.83,60841.28734583358
Baseline_Model,39449.99,61547.66215359296
Baseline_Model,40914.8,62254.036961352336
Baseline_Model,42821.43,62960.41176911172
Baseline_Model,43808.94,63666.7865768711
Baseline_Model,45845.47,64373.161384630475
Baseline_Model,47660.94,65079.53619238985
Baseline_Model,49272.56,65785.91100014924
Baseline_Model,50654.32,66492.28580790861
Baseline_Model,51973.37,67198.66061566799
Baseline_Model,53124.7,67905.03542342738
Baseline_Model,53537.08,68611.41023118675
Baseline_Model,53713.85,69317.78503894614
Baseline_Model,53331.92,70024.1598467055
Baseline_Model,53185.89,70730.5346544649
Baseline_Model,53096.73,71436.90946222427
Baseline_Model,51633.81,72143.28426998365
Baseline_Model,50191.71,72849.65907774304
Baseline_Model,48548.86,73556.0338855024
Baseline_Model,46536.77,74262.4086932618
Baseline_Model,44381.84,57736.7516495513
Baseline_Model,42811.34,58443.126457310675
Baseline_Model,41808.19,59149.50126507005
Baseline_Model,41404.18,59855.87607282943
Baseline_Model,41371.41,60562.25088058881
Baseline_Model,41877.53,61268.62568834819
Baseline_Model,43298.01,61975.00049610757
Baseline_Model,46200.01,62681.37530386695
Baseline_Model,47358.13,63387.75011162633
Baseline_Model,48505.87,64094.12491938571
Baseline_Model,48259.05,64800.499727145085
Baseline_Model,47588.16,65506.87453490446
Baseline_Model,46932.89,66213.24934266385
Baseline_Model,46454.26,66919.62415042322
Baseline_Model,46474.88,67625.99895818261
Baseline_Model,46718.74,68332.37376594199
Baseline_Model,47097.41,69038.74857370136
Baseline_Model,47053.64,69745.12338146074
Baseline_Model,47913.73,70451.49818922012
Baseline_Model,48777.54,71157.87299697951
Baseline_Model,48556.7,71864.24780473887
Baseline_Model,47837.09,72570.62261249826
Baseline_Model,46917.91,73276.99742025764
Baseline_Model,45324.54,73983.37222801702
Baseline_Model,43566.86,57457.71518430652
Baseline_Model,41901.79,58164.08999206591
Baseline_Model,40858.1,58870.464799825284
Baseline_Model,40267.78,59576.83960758467
Baseline_Model,40043.17,60283.214415344046
Baseline_Model,40381.85,60989.58922310342
Baseline_Model,41658.96,61695.9640308628
Baseline_Model,43727.18,62402.33883862218
Baseline_Model,44916.19,63108.71364638156
Baseline_Model,46038.19,63815.08845414094
Baseline_Model,46800.07,64521.46326190032
Baseline_Model,47569.7,65227.8380696597
Baseline_Model,48254.03,65934.21287741908
Baseline_Model,48969.07,66640.58768517846
Baseline_Model,50126.43,67346.96249293783
Baseline_Model,50920.37,68053.33730069723
Baseline_Model,51181.49,68759.71210845659
Baseline_Model,51146.26,69466.08691621598
Baseline_Model,51645.59,70172.46172397534
Baseline_Model,51709.08,70878.83653173473
Baseline_Model,50443.17,71585.21133949411
Baseline_Model,49334.06,72291.58614725349
Baseline_Model,48242.31,72997.96095501288
Baseline_Model,46356.06,73704.33576277224
Baseline_Model,44238.53,57178.67871906176
Baseline_Model,42417.85,57885.05352682114
Baseline_Model,41038.69,58591.428334580516
Baseline_Model,40178.77,59297.80314233989
Baseline_Model,39563.1,60004.17795009927
Baseline_Model,39462.62,60710.552757858655
Baseline_Model,40093.47,61416.92756561803
Baseline_Model,41278.85,62123.30237337742
Baseline_Model,42722.97,62829.677181136794
Baseline_Model,44950.33,63536.05198889617
Baseline_Model,46806.85,64242.42679665555
Baseline_Model,47926.92,64948.801604414926
Baseline_Model,48221.3,65655.1764121743
Baseline_Model,47561.93,66361.5512199337
Baseline_Model,46295.77,67067.92602769307
Baseline_Model,45159.4,67774.30083545245
Baseline_Model,44628.28,68480.67564321183
Baseline_Model,44575.64,69187.0504509712
Baseline_Model,45441.55,69893.42525873058
Baseline_Model,45830.38,70599.80006648996
Baseline_Model,45580.35,71306.17487424935
Baseline_Model,45553.59,72012.54968200873
Baseline_Model,45306.49,72718.9244897681
Baseline_Model,44556.19,73425.29929752748
Baseline_Model,43570.14,56899.642253816986
Baseline_Model,42760.06,57606.01706157637
Baseline_Model,42371.12,58312.39186933575
Baseline_Model,42147.72,59018.76667709513
Baseline_Model,42391.08,59725.14148485451
Baseline_Model,43113.33,60431.51629261389
Baseline_Model,44601.08,61137.891100373265
Baseline_Model,46412.75,61844.26590813264
Baseline_Model,47817.4,62550.64071589203
Baseline_Model,48196.28,63257.015523651404
Baseline_Model,47755.32,63963.39033141078
Baseline_Model,47037.6,64669.765139170166
Baseline_Model,45960.59,65376.13994692954
Baseline_Model,44809.86,66082.51475468892
Baseline_Model,44127.76,66788.8895624483
Baseline_Model,43648.79,67495.26437020767
Baseline_Model,43891.49,68201.63917796707
Baseline_Model,44561.25,68908.01398572643
Baseline_Model,46641.92,69614.38879348582
Baseline_Model,48083.14,70320.7636012452
Baseline_Model,48141.81,71027.13840900458
Baseline_Model,48182.5,71733.51321676397
Baseline_Model,47988.12,72439.88802452333
Baseline_Model,47264.48,73146.26283228272
Baseline_Model,46202.05,56620.60578857222
Baseline_Model,45126.98,57326.9805963316
Baseline_Model,44502.89,58033.35540409098
Baseline_Model,44154.42,58739.73021185036
Baseline_Model,44028.65,59446.105019609735
Baseline_Model,44351.37,60152.47982736912
Baseline_Model,45270.44,60858.8546351285
Baseline_Model,46640.19,61565.229442887874
Baseline_Model,47859.32,62271.60425064726
Baseline_Model,48705.35,62977.979058406636
Baseline_Model,48673.01,63684.35386616601
Baseline_Model,47785.69,64390.72867392539
Baseline_Model,46594.95,65097.103481684775
Baseline_Model,45489.92,65803.47828944415
Baseline_Model,44681.79,66509.85309720354
Baseline_Model,44203.87,67216.22790496291
Baseline_Model,44296.45,67922.60271272229
Baseline_Model,44895.12,68628.97752048167
Baseline_Model,46341.78,69335.35232824105
Baseline_Model,46859.38,70041.72713600044
Baseline_Model,46655.97,70748.1019437598
Baseline_Model,46900.35,71454.47675151919
Baseline_Model,46526.28,72160.85155927857
Baseline_Model,46016.51,72867.22636703795
Baseline_Model,45099.75,55197.29416118888
Baseline_Model,43918.07,55903.66896894826
Baseline_Model,43155.01,56610.04377670764
Baseline_Model,42863.51,57316.41858446702
Baseline_Model,42786.19,58022.7933922264
Baseline_Model,43024.08,58729.16819998578
Baseline_Model,43629.17,59435.54300774516
Baseline_Model,44753.59,60141.91781550454
Baseline_Model,45855.15,60848.292623263915
Baseline_Model,46004.11,61554.66743102329
Baseline_Model,45533.5,62261.04223878268
Baseline_Model,44975.79,62967.417046542054
Baseline_Model,44629.85,63673.79185430144
Baseline_Model,44436.2,64380.166662060816
Baseline_Model,44509.87,65086.54146982019
Baseline_Model,44524.72,65792.91627757957
Baseline_Model,44682.24,66499.29108533895
Baseline_Model,45266.31,67205.66589309834
Baseline_Model,47054.1,67912.0407008577
Baseline_Model,48441.96,68618.4155086171
Baseline_Model,48364.47,69324.79031637646
Baseline_Model,47940.91,70031.16512413585
Baseline_Model,47045.7,70737.53993189523
Baseline_Model,45359.62,71443.9147396546
Baseline_Model,43673.53,57564.23676593964
Baseline_Model,42392.11,58270.611573699025
Baseline_Model,41863.63,58976.9863814584
Baseline_Model,42045.11,59683.36118921779
Baseline_Model,42405.0,60389.735996977164
Baseline_Model,43866.79,61096.11080473654
Baseline_Model,46400.96,61802.48561249592
Baseline_Model,49698.4,62508.860420255296
Baseline_Model,51087.27,63215.23522801467
Baseline_Model,51320.63,63921.61003577406
Baseline_Model,50158.52,64627.98484353344
Baseline_Model,49050.71,65334.35965129282
Baseline_Model,47938.16,66040.7344590522
Baseline_Model,47216.84,66747.10926681157
Baseline_Model,47011.04,67453.48407457095
Baseline_Model,46860.36,68159.85888233033
Baseline_Model,46758.18,68866.23369008972
Baseline_Model,47163.11,69572.60849784908
Baseline_Model,48685.84,70278.98330560848
Baseline_Model,50090.2,70985.35811336784
Baseline_Model,50015.17,71691.73292112723
Baseline_Model,49430.66,72398.10772888662
Baseline_Model,48439.28,73104.48253664598
Baseline_Model,46436.85,73810.85734440538
Baseline_Model,44705.54,57285.20030069488
Baseline_Model,43421.21,57991.57510845426
Baseline_Model,42774.35,58697.949916213634
Baseline_Model,42674.53,59404.32472397301
Baseline_Model,42910.15,60110.69953173239
Baseline_Model,44113.12,60817.07433949177
Baseline_Model,46675.4,61523.44914725116
Baseline_Model,50091.01,62229.823955010535
Baseline_Model,51353.61,62936.19876276991
Baseline_Model,50861.08,63642.57357052929
Baseline_Model,49900.62,64348.94837828867
Baseline_Model,48654.54,65055.323186048045
Baseline_Model,47717.89,65761.69799380744
Baseline_Model,46804.96,66468.07280156681
Baseline_Model,46503.73,67174.44760932619
Baseline_Model,46343.28,67880.82241708557
Baseline_Model,46263.36,68587.19722484495
Baseline_Model,47025.98,69293.57203260432
Baseline_Model,49244.73,69999.9468403637
Baseline_Model,50443.61,70706.32164812308
Baseline_Model,50369.72,71412.69645588245
Baseline_Model,49840.26,72119.07126364185
Baseline_Model,48468.2,72825.44607140121
Baseline_Model,46343.37,73531.8208791606
Baseline_Model,44279.55,57006.163835450105
Baseline_Model,42832.56,57712.53864320949
Baseline_Model,41824.94,58418.91345096887
Baseline_Model,41281.66,59125.28825872825
Baseline_Model,41257.77,59831.66306648763
Baseline_Model,41915.11,60538.037874247006
Baseline_Model,43784.66,61244.41268200638
Baseline_Model,46806.91,61950.78748976576
Baseline_Model,47395.38,62657.16229752514
Baseline_Model,47957.32,63363.53710528452
Baseline_Model,48646.98,64069.91191304391
Baseline_Model,48903.93,64776.286720803284
Baseline_Model,48928.35,65482.66152856266
Baseline_Model,48964.49,66189.03633632204
Baseline_Model,48929.55,66895.41114408142
Baseline_Model,48763.21,67601.7859518408
Baseline_Model,48682.16,68308.16075960017
Baseline_Model,49235.71,69014.53556735956
Baseline_Model,50386.51,69720.91037511893
Baseline_Model,50979.54,70427.28518287832
Baseline_Model,50139.16,71133.65999063768
Baseline_Model,49326.01,71840.03479839707
Baseline_Model,48480.49,72546.40960615645
Baseline_Model,46093.53,73252.78441391583
Baseline_Model,43877.38,56727.12737020534
Baseline_Model,42117.16,57433.50217796472
Baseline_Model,41187.05,58139.8769857241
Baseline_Model,40521.63,58846.251793483476
Baseline_Model,40473.74,59552.62660124285
Baseline_Model,41210.18,60259.00140900223
Baseline_Model,43241.49,60965.376216761615
Baseline_Model,46630.24,61671.75102452099
Baseline_Model,48204.26,62378.12583228037
Baseline_Model,48468.86,63084.500640039754
Baseline_Model,48632.84,63790.87544779913
Baseline_Model,48359.03,64497.25025555851
Baseline_Model,47844.14,65203.625063317886
Baseline_Model,47359.83,65909.99987107728
Baseline_Model,47229.88,66616.37467883664
Baseline_Model,47158.03,67322.74948659603
Baseline_Model,47296.43,68029.12429435541
Baseline_Model,47887.43,68735.49910211479
Baseline_Model,50110.81,69441.87390987416
Baseline_Model,51333.12,70148.24871763354
Baseline_Model,51471.06,70854.62352539292
Baseline_Model,51416.44,71560.9983331523
Baseline_Model,50557.78,72267.37314091169
Baseline_Model,48825.0,72973.74794867107
Baseline_Model,46988.53,56448.09090496057
Baseline_Model,45915.3,57154.465712719946
Baseline_Model,45581.21,57860.84052047932
Baseline_Model,45497.89,58567.21532823871
Baseline_Model,45753.76,59273.590135998085
Baseline_Model,46995.01,59979.96494375747
Baseline_Model,49513.29,60686.33975151685
Baseline_Model,53185.78,61392.714559276224
Baseline_Model,54973.74,62099.0893670356
Baseline_Model,54857.38,62805.46417479498
Baseline_Model,54091.22,63511.83898255436
Baseline_Model,53125.13,64218.21379031374
Baseline_Model,51925.48,64924.588598073125
Baseline_Model,50831.12,65630.9634058325
Baseline_Model,50269.16,66337.33821359188
Baseline_Model,49851.49,67043.71302135126
Baseline_Model,49849.33,67750.08782911065
Baseline_Model,50799.87,68456.46263687001
Baseline_Model,52800.47,69162.8374446294
Baseline_Model,53468.46,69869.21225238877
Baseline_Model,52953.06,70575.58706014816
Baseline_Model,52437.34,71281.96186790754
Baseline_Model,51550.11,71988.33667566691
Baseline_Model,49962.62,72694.7114834263
Baseline_Model,48225.82,56169.0544397158
Baseline_Model,46605.57,56875.429247475186
Baseline_Model,45437.97,57581.80405523456
Baseline_Model,44982.52,58288.17886299394
Baseline_Model,44860.51,58994.55367075332
Baseline_Model,45147.55,59700.928478512695
Baseline_Model,45957.68,60407.30328627208
Baseline_Model,47652.92,61113.67809403146
Baseline_Model,49241.7,61820.052901790834
Baseline_Model,50953.28,62526.42770955022
Baseline_Model,52293.53,63232.802517309596
Baseline_Model,53025.37,63939.17732506897
Baseline_Model,53063.08,64645.55213282835
Baseline_Model,52743.74,65351.926940587735
Baseline_Model,52331.22,66058.30174834712
Baseline_Model,51853.41,66764.67655610648
Baseline_Model,51840.83,67471.05136386587
Baseline_Model,52125.97,68177.42617162525
Baseline_Model,53049.43,68883.80097938463
Baseline_Model,52987.8,69590.175787144
Baseline_Model,52490.35,70296.55059490338
Baseline_Model,51990.68,71002.92540266278
Baseline_Model,51017.48,71709.30021042214
Baseline_Model,49312.13,72415.67501818153
Baseline_Model,47511.68,55890.01797447103
Baseline_Model,45894.84,56596.39278223041
Baseline_Model,44920.82,57302.76758998979
Baseline_Model,44086.46,58009.14239774917
Baseline_Model,43780.07,58715.51720550855
Baseline_Model,43797.98,59421.892013267934
Baseline_Model,44273.49,60128.26682102731
Baseline_Model,45219.06,60834.64162878669
Baseline_Model,46241.11,61541.016436546066
Baseline_Model,47575.83,62247.39124430544
Baseline_Model,49043.93,62953.76605206483
Baseline_Model,49702.63,63660.140859824205
Baseline_Model,49817.79,64366.51566758359
Baseline_Model,49426.36,65072.89047534297
Baseline_Model,48709.46,65779.26528310234
Baseline_Model,47828.36,66485.64009086172
Baseline_Model,47395.21,67192.0148986211
Baseline_Model,47701.93,67898.38970638049
Baseline_Model,49246.86,68604.76451413985
Baseline_Model,50432.7,69311.13932189925
Baseline_Model,50254.39,70017.51412965861
Baseline_Model,49729.21,70723.888937418
Baseline_Model,48617.7,71430.26374517738
Baseline_Model,46693.49,72136.63855293675
Baseline_Model,44521.58,58256.96057922179
Baseline_Model,43009.83,58963.335386981176
Baseline_Model,42071.12,59669.71019474055
Baseline_Model,41641.3,60376.08500249993
Baseline_Model,41570.23,61082.45981025931
Baseline_Model,42526.54,61788.83461801869
Baseline_Model,44915.31,62495.20942577807
Baseline_Model,48376.02,63201.58423353745
Baseline_Model,49836.35,63907.959041296825
Baseline_Model,49454.42,64614.33384905621
Baseline_Model,48787.86,65320.70865681559
Baseline_Model,47990.26,66027.08346457497
Baseline_Model,47564.16,66733.45827233435
Baseline_Model,47417.87,67439.83308009373
Baseline_Model,47768.4,68146.2078878531
Baseline_Model,48048.52,68852.58269561248
Baseline_Model,48633.2,69558.95750337187
Baseline_Model,49162.96,70265.33231113123
Baseline_Model,50019.01,70971.70711889063
Baseline_Model,50578.95,71678.08192664999
Baseline_Model,50168.65,72384.45673440938
Baseline_Model,49442.1,73090.83154216876
Baseline_Model,48247.18,73797.20634992814
Baseline_Model,46408.32,74503.58115768753
Baseline_Model,44234.74,57977.924113977024
Baseline_Model,42579.43,58684.29892173641
Baseline_Model,41605.62,59390.673729495786
Baseline_Model,41333.65,60097.04853725516
Baseline_Model,41601.81,60803.42334501454
Baseline_Model,42636.29,61509.79815277392
Baseline_Model,44966.97,62216.1729605333
Baseline_Model,48646.17,62922.54776829268
Baseline_Model,50057.96,63628.92257605206
Baseline_Model,49995.52,64335.29738381144
Baseline_Model,49931.46,65041.67219157082
Baseline_Model,49850.97,65748.0469993302
Baseline_Model,49470.29,66454.42180708957
Baseline_Model,49183.3,67160.79661484895
Baseline_Model,49152.21,67867.17142260834
Baseline_Model,48966.39,68573.5462303677
Baseline_Model,49283.16,69279.9210381271
Baseline_Model,50409.51,69986.29584588647
Baseline_Model,53068.39,70692.67065364585
Baseline_Model,55049.71,71399.04546140523
Baseline_Model,55354.93,72105.4202691646
Baseline_Model,55383.36,72811.795076924
Baseline_Model,54500.72,73518.16988468336
Baseline_Model,52708.08,74224.54469244275
Baseline_Model,50881.48,57698.887648732256
Baseline_Model,49808.29,58405.26245649163
Baseline_Model,49366.91,59111.63726425101
Baseline_Model,49476.03,59818.012072010395
Baseline_Model,50070.07,60524.38687976977
Baseline_Model,51289.55,61230.76168752916
Baseline_Model,54271.33,61937.136495288534
Baseline_Model,58273.81,62643.51130304791
Baseline_Model,60235.02,63349.88611080729
Baseline_Model,58209.81,64056.260918566666
Baseline_Model,55530.5,64762.63572632605
Baseline_Model,52930.25,65469.01053408543
Baseline_Model,50645.78,66175.38534184481
Baseline_Model,48960.98,66881.76014960419
Baseline_Model,47950.31,67588.13495736357
Baseline_Model,47265.43,68294.50976512294
Baseline_Model,46967.0,69000.88457288232
Baseline_Model,47503.71,69707.25938064171
Baseline_Model,49635.84,70413.63418840108
Baseline_Model,52157.98,71120.00899616047
Baseline_Model,53084.59,71826.38380391983
Baseline_Model,53631.52,72532.75861167922
Baseline_Model,53265.26,73239.1334194386
Baseline_Model,51647.52,73945.50822719798
Baseline_Model,50116.76,57419.85118348749
Baseline_Model,49030.22,58126.22599124687
Baseline_Model,48570.98,58832.60079900625
Baseline_Model,48674.52,59538.97560676563
Baseline_Model,49315.55,60245.350414525004
Baseline_Model,50764.91,60951.72522228438
Baseline_Model,53706.69,61658.100030043766
Baseline_Model,57789.68,62364.47483780314
Baseline_Model,59155.81,63070.84964556252
Baseline_Model,57245.02,63777.224453321905
Baseline_Model,54629.3,64483.59926108128
Baseline_Model,52314.05,65189.97406884066
Baseline_Model,50476.33,65896.34887660004
Baseline_Model,48985.26,66602.72368435943
Baseline_Model,48189.75,67309.09849211879
Baseline_Model,47855.42,68015.47329987818
Baseline_Model,48028.41,68721.84810763756
Baseline_Model,48675.52,69428.22291539694
Baseline_Model,50656.14,70134.59772315632
Baseline_Model,51662.28,70840.9725309157
Baseline_Model,51709.25,71547.34733867507
Baseline_Model,51525.32,72253.72214643445
Baseline_Model,50372.41,72960.09695419384
Baseline_Model,48245.58,73666.47176195322
Baseline_Model,45972.71,57140.81471824272
Baseline_Model,44253.33,57847.1895260021
Baseline_Model,43172.78,58553.564333761475
Baseline_Model,42586.5,59259.93914152086
Baseline_Model,42558.03,59966.31394928024
Baseline_Model,43238.46,60672.68875703962
Baseline_Model,45148.61,61379.063564799
Baseline_Model,48157.96,62085.438372558376
Baseline_Model,49338.57,62791.81318031775
Baseline_Model,49537.81,63498.18798807713
Baseline_Model,49644.82,64204.562795836515
Baseline_Model,49780.65,64910.93760359589
Baseline_Model,49536.38,65617.31241135528
Baseline_Model,49284.15,66323.68721911465
Baseline_Model,49203.08,67030.06202687403
Baseline_Model,48989.55,67736.43683463341
Baseline_Model,48935.72,68442.8116423928
Baseline_Model,49249.82,69149.18645015216
Baseline_Model,50326.73,69855.56125791156
Baseline_Model,50414.06,70561.93606567092
Baseline_Model,49919.44,71268.31087343031
Baseline_Model,49087.54,71974.68568118969
Baseline_Model,48245.07,72681.06048894906
Baseline_Model,46719.3,73387.43529670846
Baseline_Model,44952.56,56861.77825299795
Baseline_Model,43217.75,57568.15306075733
Baseline_Model,41915.15,58274.52786851671
Baseline_Model,41075.02,58980.90267627609
Baseline_Model,40618.1,59687.27748403547
Baseline_Model,40684.52,60393.652291794846
Baseline_Model,40982.19,61100.02709955423
Baseline_Model,42087.35,61806.40190731361
Baseline_Model,42910.68,62512.776715072985
Baseline_Model,44445.44,63219.15152283236
Baseline_Model,45663.08,63925.52633059175
Baseline_Model,46556.42,64631.901138351124
Baseline_Model,47012.24,65338.2759461105
Baseline_Model,47372.37,66044.65075386988
Baseline_Model,47442.47,66751.02556162927
Baseline_Model,47580.01,67457.40036938863
Baseline_Model,47644.79,68163.77517714803
Baseline_Model,47846.24,68870.1499849074
Baseline_Model,47588.71,69576.52479266678
Baseline_Model,48523.78,70282.89960042616
Baseline_Model,48233.94,70989.27440818553
Baseline_Model,47953.47,71695.64921594493
Baseline_Model,47290.49,72402.02402370429
Baseline_Model,46178.14,73108.39883146368
Baseline_Model,44626.49,56582.741787753184
Baseline_Model,43167.11,57289.11659551256
Baseline_Model,42068.09,57995.49140327194
Baseline_Model,41306.5,58701.866211031316
Baseline_Model,40960.61,59408.24101879069
Baseline_Model,40744.23,60114.61582655008
Baseline_Model,41007.54,60820.99063430946
Baseline_Model,41836.79,61527.36544206884
Baseline_Model,42748.37,62233.74024982822
Baseline_Model,44060.85,62940.115057587594
Baseline_Model,45754.58,63646.48986534697
Baseline_Model,47091.65,64352.86467310635
Baseline_Model,48167.9,65059.239480865734
Baseline_Model,49206.65,65765.61428862512
Baseline_Model,49830.24,66471.9890963845
Baseline_Model,50085.79,67178.36390414387
Baseline_Model,50194.95,67884.73871190325
Baseline_Model,49939.12,68591.11351966264
Baseline_Model,50773.41,69297.488327422
Baseline_Model,51732.91,70003.8631351814
Baseline_Model,51401.82,70710.23794294076
Baseline_Model,50734.89,71416.61275070015
Baseline_Model,49597.23,72122.98755845953
Baseline_Model,47669.45,72829.3623662189
Baseline_Model,44953.14,58949.68439250394
Baseline_Model,42721.08,59656.05920026332
Baseline_Model,41373.32,60362.4340080227
Baseline_Model,40409.64,61068.80881578208
Baseline_Model,40178.19,61775.18362354146
Baseline_Model,40483.83,62481.558431300844
Baseline_Model,42216.86,63187.93323906022
Baseline_Model,45144.81,63894.3080468196
Baseline_Model,46304.97,64600.682854578976
Baseline_Model,47294.86,65307.05766233835
Baseline_Model,48595.92,66013.43247009773
Baseline_Model,49820.41,66719.80727785712
Baseline_Model,50643.74,67426.1820856165
Baseline_Model,51430.3,68132.55689337588
Baseline_Model,52185.08,68838.93170113525
Baseline_Model,52668.3,69545.30650889463
Baseline_Model,53053.17,70251.68131665402
Baseline_Model,52998.7,70958.05612441339
Baseline_Model,53132.39,71664.43093217278
Baseline_Model,53226.46,72370.80573993214
Baseline_Model,52148.79,73077.18054769153
Baseline_Model,50984.61,73783.55535545091
Baseline_Model,49113.11,74489.93016321029
Baseline_Model,46630.89,75196.30497096968
Baseline_Model,44174.38,58670.647927259175
Baseline_Model,42044.26,59377.02273501856
Baseline_Model,40831.17,60083.39754277794
Baseline_Model,39998.4,60789.772350537314
Baseline_Model,39460.85,61496.14715829669
Baseline_Model,39849.77,62202.52196605607
Baseline_Model,41818.31,62908.89677381545
Baseline_Model,45024.8,63615.27158157483
Baseline_Model,46713.58,64321.64638933421
Baseline_Model,47014.38,65028.02119709359
Baseline_Model,47870.84,65734.39600485297
Baseline_Model,48462.42,66440.77081261235
Baseline_Model,48966.87,67147.14562037172
Baseline_Model,49773.15,67853.5204281311
Baseline_Model,50874.62,68559.8952358905
Baseline_Model,51321.15,69266.27004364986
Baseline_Model,51660.6,69972.64485140925
Baseline_Model,51839.08,70679.01965916863
Baseline_Model,52004.14,71385.394466928
Baseline_Model,52441.04,72091.76927468738
Baseline_Model,51523.7,72798.14408244676
Baseline_Model,51221.1,73504.51889020615
Baseline_Model,49878.44,74210.89369796551
Baseline_Model,47488.05,74917.2685057249
Baseline_Model,44817.31,58391.61146201441
Baseline_Model,42734.14,59097.986269773784
Baseline_Model,41540.38,59804.36107753316
Baseline_Model,40645.02,60510.735885292546
Baseline_Model,40014.97,61217.11069305192
Baseline_Model,40280.66,61923.48550081131
Baseline_Model,42162.03,62629.860308570685
Baseline_Model,45357.1,63336.23511633006
Baseline_Model,46905.62,64042.60992408944
Baseline_Model,47526.05,64748.98473184882
Baseline_Model,48131.81,65455.3595396082
Baseline_Model,48494.46,66161.73434736757
Baseline_Model,49009.46,66868.10915512696
Baseline_Model,48794.61,67574.48396288634
Baseline_Model,48647.5,68280.85877064572
Baseline_Model,48425.32,68987.2335784051
Baseline_Model,48087.08,69693.60838616447
Baseline_Model,48427.94,70399.98319392386
Baseline_Model,49778.31,71106.35800168323
Baseline_Model,50799.6,71812.73280944262
Baseline_Model,50440.02,72519.10761720198
Baseline_Model,49908.11,73225.48242496137
Baseline_Model,48975.37,73931.85723272075
Baseline_Model,47257.37,74638.23204048013
Baseline_Model,45337.53,58112.57499676963
Baseline_Model,43908.87,58818.94980452902
Baseline_Model,43361.51,59525.324612288394
Baseline_Model,43312.77,60231.69942004778
Baseline_Model,43671.51,60938.074227807156
Baseline_Model,44645.75,61644.44903556653
Baseline_Model,47304.19,62350.82384332591
Baseline_Model,51431.28,63057.19865108529
Baseline_Model,53336.77,63763.573458844665
Baseline_Model,52773.07,64469.94826660405
Baseline_Model,51345.48,65176.323074363434
Baseline_Model,49915.98,65882.69788212281
Baseline_Model,48646.83,66589.07268988219
Baseline_Model,47590.39,67295.44749764157
Baseline_Model,46960.31,68001.82230540094
Baseline_Model,46815.58,68708.19711316033
Baseline_Model,46942.15,69414.57192091971
Baseline_Model,47379.88,70120.94672867909
Baseline_Model,48766.26,70827.32153643847
Baseline_Model,50076.79,71533.69634419784
Baseline_Model,50087.67,72240.07115195722
Baseline_Model,49892.84,72946.4459597166
Baseline_Model,48955.57,73652.82076747599
Baseline_Model,47199.01,74359.19557523537
Baseline_Model,45340.84,57833.53853152487
Baseline_Model,44027.11,58539.91333928425
Baseline_Model,43390.88,59246.288147043626
Baseline_Model,43237.17,59952.662954803
Baseline_Model,43462.5,60659.03776256238
Baseline_Model,44423.07,61365.412570321765
Baseline_Model,46659.09,62071.78737808115
Baseline_Model,49770.45,62778.16218584053
Baseline_Model,51342.91,63484.536993599904
Baseline_Model,51477.79,64190.91180135928
Baseline_Model,50721.45,64897.28660911866
Baseline_Model,49605.96,65603.66141687804
Baseline_Model,48557.5,66310.03622463741
Baseline_Model,47679.06,67016.4110323968
Baseline_Model,47341.07,67722.78584015618
Baseline_Model,47069.92,68429.16064791556
Baseline_Model,47141.15,69135.53545567495
Baseline_Model,47443.88,69841.91026343431
Baseline_Model,48103.04,70548.2850711937
Baseline_Model,48805.9,71254.65987895307
Baseline_Model,49005.9,71961.03468671246
Baseline_Model,49648.17,72667.40949447184
Baseline_Model,49559.67,73373.78430223122
Baseline_Model,48654.14,74080.1591099906
Baseline_Model,47549.65,57554.502066280096
Baseline_Model,46519.06,58260.87687403948
Baseline_Model,46094.29,58967.25168179886
Baseline_Model,46029.9,59673.62648955824
Baseline_Model,46264.17,60380.00129731762
Baseline_Model,46875.23,61086.376105077
Baseline_Model,48345.03,61792.750912836374
Baseline_Model,50238.54,62499.12572059575
Baseline_Model,52268.03,63205.50052835513
Baseline_Model,52693.05,63911.87533611451
Baseline_Model,52058.81,64618.2501438739
Baseline_Model,50640.77,65324.624951633275
Baseline_Model,48976.07,66030.99975939265
Baseline_Model,47436.14,66737.37456715203
Baseline_Model,46230.77,67443.74937491141
Baseline_Model,45644.8,68150.12418267078
Baseline_Model,45473.22,68856.49899043018
Baseline_Model,45909.79,69562.87379818954
Baseline_Model,47133.38,70269.24860594893
Baseline_Model,48850.3,70975.6234137083
Baseline_Model,49319.21,71681.99822146769
Baseline_Model,49352.33,72388.37302922708
Baseline_Model,49132.27,73094.74783698644
Baseline_Model,48224.83,73801.12264474583
Baseline_Model,47087.73,57275.465601035336
Baseline_Model,46000.48,57981.84040879471
Baseline_Model,45370.13,58688.21521655409
Baseline_Model,44986.09,59394.59002431347
Baseline_Model,44903.24,60100.964832072845
Baseline_Model,45128.88,60807.33963983223
Baseline_Model,45836.06,61513.714447591614
Baseline_Model,47177.17,62220.08925535099
Baseline_Model,48575.09,62926.46406311037
Baseline_Model,49467.76,63632.838870869746
Baseline_Model,49594.59,64339.21367862912
Baseline_Model,48883.25,65045.5884863885
Baseline_Model,47706.39,65751.96329414789
Baseline_Model,46362.37,66458.33810190727
Baseline_Model,45609.06,67164.71290966665
Baseline_Model,45364.36,67871.08771742602
Baseline_Model,45424.43,68577.4625251854
Baseline_Model,45728.26,69283.83733294478
Baseline_Model,47143.45,69990.21214070416
Baseline_Model,48519.39,70696.58694846353
Baseline_Model,48422.06,71402.96175622291
Baseline_Model,48032.34,72109.3365639823
Baseline_Model,47378.76,72815.71137174167
Baseline_Model,46065.45,73522.08617950106
Baseline_Model,44479.57,59642.408205786094
Baseline_Model,42911.44,60348.78301354547
Baseline_Model,41938.7,61055.15782130485
Baseline_Model,41308.54,61761.53262906423
Baseline_Model,41136.99,62467.90743682361
Baseline_Model,41677.86,63174.28224458299
Baseline_Model,42996.19,63880.65705234237
Baseline_Model,44820.41,64587.03186010175
Baseline_Model,46122.59,65293.40666786113
Baseline_Model,46946.68,65999.7814756205
Baseline_Model,47542.45,66706.15628337988
Baseline_Model,47753.09,67412.53109113927
Baseline_Model,47652.18,68118.90589889864
Baseline_Model,47674.3,68825.28070665803
Baseline_Model,47669.59,69531.6555144174
Baseline_Model,47483.78,70238.03032217678
Baseline_Model,47474.52,70944.40512993617
Baseline_Model,47697.49,71650.77993769554
Baseline_Model,48380.27,72357.15474545493
Baseline_Model,49008.11,73063.52955321429
Baseline_Model,48577.98,73769.90436097368
Baseline_Model,47736.34,74476.27916873306
Baseline_Model,46837.22,75182.65397649244
Baseline_Model,45309.47,75889.02878425183
Baseline_Model,43666.57,59363.37174054132
Baseline_Model,41931.09,60069.7465483007
Baseline_Model,40554.44,60776.12135606008
Baseline_Model,39667.61,61482.496163819465
Baseline_Model,39071.76,62188.87097157884
Baseline_Model,39073.22,62895.24577933822
Baseline_Model,39879.22,63601.6205870976
Baseline_Model,41216.08,64307.995394856975
Baseline_Model,42378.36,65014.37020261635
Baseline_Model,43801.38,65720.74501037574
Baseline_Model,45433.98,66427.11981813512
Baseline_Model,46760.15,67133.4946258945
Baseline_Model,47544.77,67839.86943365388
Baseline_Model,48022.91,68546.24424141325
Baseline_Model,48446.53,69252.61904917264
Baseline_Model,48615.66,69958.99385693201
Baseline_Model,48570.8,70665.3686646914
Baseline_Model,48437.5,71371.74347245078
Baseline_Model,48628.84,72078.11828021015
Baseline_Model,48076.39,72784.49308796953
Baseline_Model,46620.88,73490.86789572891
Baseline_Model,45426.61,74197.2427034883
Baseline_Model,44434.69,74903.61751124766
Baseline_Model,43323.59,75609.99231900705
Baseline_Model,41868.7,59084.33527529656
Baseline_Model,40858.0,59790.710083055936
Baseline_Model,39796.76,60497.08489081531
Baseline_Model,39021.77,61203.45969857469
Baseline_Model,38325.68,61909.83450633407
Baseline_Model,38285.36,62616.20931409345
Baseline_Model,38596.46,63322.58412185284
Baseline_Model,39452.68,64028.958929612214
Baseline_Model,40400.08,64735.33373737159
Baseline_Model,41987.67,65441.70854513097
Baseline_Model,43495.97,66148.08335289035
Baseline_Model,44424.14,66854.45816064972
Baseline_Model,44494.93,67560.83296840911
Baseline_Model,45014.59,68267.20777616849
Baseline_Model,44684.59,68973.58258392787
Baseline_Model,44301.21,69679.95739168725
Baseline_Model,44114.91,70386.33219944662
Baseline_Model,44202.94,71092.70700720602
Baseline_Model,45121.63,71799.08181496538
Baseline_Model,45559.99,72505.45662272477
Baseline_Model,45066.32,73211.83143048413
Baseline_Model,44553.73,73918.20623824353
Baseline_Model,43935.69,74624.5810460029
Baseline_Model,42922.62,75330.95585376228
Baseline_Model,41568.69,58805.29881005178
Baseline_Model,40327.13,59511.67361781117
Baseline_Model,39414.42,60218.048425570545
Baseline_Model,38756.66,60924.42323332993
Baseline_Model,38601.22,61630.79804108931
Baseline_Model,39092.04,62337.172848848684
Baseline_Model,40262.73,63043.54765660806
Baseline_Model,41721.54,63749.92246436744
Baseline_Model,42682.1,64456.297272126816
Baseline_Model,43496.88,65162.6720798862
Baseline_Model,45932.34,65869.04688764559
Baseline_Model,47410.83,66575.42169540496
Baseline_Model,48336.37,67281.79650316434
Baseline_Model,48651.55,67988.17131092372
Baseline_Model,48467.67,68694.5461186831
Baseline_Model,48169.49,69400.92092644247
Baseline_Model,48265.17,70107.29573420185
Baseline_Model,48333.79,70813.67054196124
Baseline_Model,48486.67,71520.0453497206
Baseline_Model,48873.08,72226.42015748
Baseline_Model,48418.41,72932.79496523936
Baseline_Model,47984.08,73639.16977299875
Baseline_Model,47077.4,74345.54458075813
Baseline_Model,45650.4,75051.9193885175
Baseline_Model,43926.7,58526.26234480702
Baseline_Model,42300.32,59232.6371525664
Baseline_Model,41247.49,59939.01196032578
Baseline_Model,40674.82,60645.386768085154
Baseline_Model,40598.61,61351.76157584453
Baseline_Model,41117.13,62058.136383603916
Baseline_Model,42641.87,62764.5111913633
Baseline_Model,44637.8,63470.88599912268
Baseline_Model,46206.23,64177.260806882055
Baseline_Model,47053.46,64883.63561464143
Baseline_Model,47171.34,65590.01042240081
Baseline_Model,46984.93,66296.38523016019
Baseline_Model,46722.47,67002.76003791956
Baseline_Model,46853.71,67709.13484567896
Baseline_Model,47360.03,68415.50965343832
Baseline_Model,47826.72,69121.88446119771
Baseline_Model,48123.52,69828.25926895709
Baseline_Model,48127.77,70534.63407671647
Baseline_Model,48394.4,71241.00888447584
Baseline_Model,49136.33,71947.38369223522
Baseline_Model,48274.3,72653.7584999946
Baseline_Model,47557.68,73360.13330775397
Baseline_Model,46644.29,74066.50811551337
Baseline_Model,45337.99,74772.88292327274
Baseline_Model,43894.36,58247.22587956225
Baseline_Model,42425.04,58953.60068732163
Baseline_Model,41318.64,59659.97549508101
Baseline_Model,40493.13,60366.35030284039
Baseline_Model,40127.46,61072.725110599764
Baseline_Model,40030.57,61779.09991835915
Baseline_Model,40534.27,62485.474726118526
Baseline_Model,41330.38,63191.8495338779
Baseline_Model,42219.84,63898.22434163728
Baseline_Model,43591.48,64604.599149396665
Baseline_Model,45562.71,65310.97395715604
Baseline_Model,47094.48,66017.34876491543
Baseline_Model,48257.74,66723.7235726748
Baseline_Model,48518.27,67430.09838043418
Baseline_Model,48337.9,68136.47318819356
Baseline_Model,48384.16,68842.84799595294
Baseline_Model,48410.86,69549.22280371233
Baseline_Model,48302.18,70255.59761147169
Baseline_Model,48309.27,70961.97241923108
Baseline_Model,48603.7,71668.34722699045
Baseline_Model,47760.67,72374.72203474984
Baseline_Model,47001.09,73081.09684250921
Baseline_Model,45987.04,73787.47165026859
Baseline_Model,44424.49,74493.84645802798
Baseline_Model,42796.65,57968.18941431748
Baseline_Model,41406.89,58674.564222076864
Baseline_Model,40359.82,59380.93902983624
Baseline_Model,39864.01,60087.31383759562
Baseline_Model,39536.3,60793.688645354996
Baseline_Model,39608.17,61500.06345311437
Baseline_Model,40154.08,62206.43826087376
Baseline_Model,41126.74,62912.813068633135
Baseline_Model,42276.92,63619.18787639251
Baseline_Model,43320.39,64325.5626841519
Baseline_Model,43713.93,65031.937491911274
Baseline_Model,43726.63,65738.31229967065
Baseline_Model,43669.35,66444.68710743003
Baseline_Model,43728.09,67151.0619151894
Baseline_Model,44061.37,67857.4367229488
Baseline_Model,44594.42,68563.81153070816
Baseline_Model,45161.96,69270.18633846755
Baseline_Model,45513.91,69976.56114622693
Baseline_Model,46517.42,70682.9359539863
Baseline_Model,47487.06,71389.31076174568
Baseline_Model,46938.61,72095.68556950506
Baseline_Model,46174.47,72802.06037726445
Baseline_Model,45437.58,73508.43518502382
Baseline_Model,44185.84,74214.80999278321
Baseline_Model,42753.54,60335.132019068245
Baseline_Model,41312.58,61041.50682682762
Baseline_Model,40402.98,61747.881634587
Baseline_Model,39924.41,62454.25644234638
Baseline_Model,39909.38,63160.631250105755
Baseline_Model,40536.12,63867.00605786514
Baseline_Model,42131.26,64573.380865624524
Baseline_Model,44204.4,65279.7556733839
Baseline_Model,45683.57,65986.13048114328
Baseline_Model,46254.55,66692.50528890266
Baseline_Model,46491.68,67398.88009666203
Baseline_Model,46629.5,68105.25490442141
Baseline_Model,47000.92,68811.62971218079
Baseline_Model,47732.72,69518.00451994018
Baseline_Model,48736.95,70224.37932769954
Baseline_Model,49695.74,70930.75413545893
Baseline_Model,50289.95,71637.12894321833
Baseline_Model,50381.26,72343.50375097769
Baseline_Model,50132.19,73049.87855873708
Baseline_Model,50507.17,73756.25336649644
Baseline_Model,49450.63,74462.62817425583
Baseline_Model,48486.75,75169.0029820152
Baseline_Model,47365.82,75875.37778977459
Baseline_Model,45776.52,76581.75259753398
Baseline_Model,43830.5,60056.09555382347
Baseline_Model,41927.17,60762.470361582855
Baseline_Model,40794.16,61468.84516934223
Baseline_Model,40331.74,62175.21997710162
Baseline_Model,40200.26,62881.594784860994
Baseline_Model,40635.38,63587.96959262037
Baseline_Model,41941.84,64294.34440037975
Baseline_Model,43747.72,65000.719208139126
Baseline_Model,45252.04,65707.0940158985
Baseline_Model,45952.87,66413.4688236579
Baseline_Model,46399.68,67119.84363141727
Baseline_Model,46609.29,67826.21843917665
Baseline_Model,46291.71,68532.59324693603
Baseline_Model,46053.14,69238.9680546954
Baseline_Model,45992.48,69945.34286245478
Baseline_Model,46053.32,70651.71767021416
Baseline_Model,46448.08,71358.09247797355
Baseline_Model,47105.98,72064.46728573291
Baseline_Model,48000.61,72770.8420934923
Baseline_Model,48175.88,73477.21690125167
Baseline_Model,47619.26,74183.59170901106
Baseline_Model,46737.68,74889.96651677044
Baseline_Model,45775.65,75596.34132452981
Baseline_Model,44779.61,76302.7161322892
Baseline_Model,43892.43,36639.32921569493
